plant_id,plot_nr,coordinate,species,cover,temperature,humidity,date,zone
,ZAP1,"37,444218N 7,919816W",Olea europaea,60,27,49,29/8/2023,A
,ZAP1,"37,444218N 7,919816W",N.I.D,40,27,49,29/8/2023,A
,ZAP2,"37,444218N 7,919828W",Chenopodium album,2,28,44,29/8/2023,A
,ZAP2,"37,444218N 7,919828W",N.I.D,98,28,44,29/8/2023,A
,ZAP3,"37,444532N 7,919761W",Chenopodium album,10,28,42,29/8/2023,A
,ZAP3,"37,444532N 7,919761W",N.I.D,90,28,42,29/8/2023,A
,ZAP4,"37,444731N 7,919724W",Citrus × sinensis,20,28,41,29/8/2023,A
,"ZAP4	","37,444731N 7,919724W",Stipa tenacissima  ?,70,28,41,29/8/2023,A
,"ZAP4	","37,444731N 7,919724W",N.I.D,10,28,41,29/8/2023,A
,ZAP5,"37,444647N 7,919622W",Heliotropium europaeum,10,27,50,29/8/2023,A
,ZAP5,"37,444647N 7,919622W",Convolvulus arvensis,1,27,50,29/8/2023,A
,ZAP5,"37,444647N 7,919622W",Linum strictum   ?,1,27,50,29/8/2023,A
,ZAP5,"37,444647N 7,919622W",N.I.D,88,27,50,29/8/2023,A
,ZBP1,"37,444835N 7,919583W",Sonchus oleraceus,1,26,49,29/8/2023,B
,ZBP1,"37,444835N 7,919583W",Setaria verticillata,1,26,49,29/8/2023,B
,ZBP1,"37,444835N 7,919583W",Verbena Supina ,30,26,49,29/8/2023,B
,ZBP1,"37,444835N 7,919583W",Medicago Polymorpha,3,26,49,29/8/2023,B
,ZBP1,"37,444835N 7,919583W",Chondrilla juncea,10,26,49,29/8/2023,B
,ZBP1,"37,444835N 7,919583W",Cynodon dactylon,50,26,49,29/8/2023,B
,ZBP2,"37,444889N 7,919640W",Chenopodium vulvaria,15,28,45,29/8/2023,B
,ZBP2,"37,444889N 7,919640W",Sonchus asper,2,28,45,29/8/2023,B
,ZBP2,"37,444889N 7,919640W",Convolvulus arvensis,40,28,45,29/8/2023,B
,ZBP2,"37,444889N 7,919640W",Setaria verticillata,1,28,45,29/8/2023,B
,ZBP2,"37,444889N 7,919640W",Atriplex laciniata,2,28,45,29/8/2023,B
,ZBP2,"37,444889N 7,919640W",N.I.D,40,28,45,29/8/2023,B
,ZBP3,"37,444891N 7,919505W",Foeniculum vulgare,19,30,38,29/8/2023,B
,ZBP3,"37,444891N 7,919505W",N.I.D,80,30,38,29/8/2023,B
,ZBP3,"37,444891N 7,919505W",Heliotropium europaeum,1,30,38,29/8/2023,B
,ZBP4,"37,444957N 7,919610W",Fallopia convolvulus,5,28,51,29/8/2023,B
,ZBP4,"37,444957N 7,919610W",Cynodon dactylon,15,28,51,29/8/2023,B
,ZBP4,"37,444957N 7,919610W",Convolvulus arvensis,2,28,51,29/8/2023,B
,ZBP5,"37,444853N 7,919706W",Heliotropium europaeum,10,30,31,29/8/2023,B
,ZBP5,"37,444853N 7,919706W",N.I.D,85,30,31,29/8/2023,B
,ZBP5,"37,444853N 7,919706W",Convolvulus arvensis,5,30,31,29/8/2023,B
,ZCP1,"37,444983N 7,919463W",Daucus carota,1,27,42,29/8/2023,C
,ZCP1,"37,444983N 7,919463W",Heliotropium europaeum,4,27,42,29/8/2023,C
,ZCP1,"37,444983N 7,919463W",Jacobaea erucifolia,3,27,42,29/8/2023,C
,ZCP1,"37,444983N 7,919463W",N.I.D,92,27,42,29/8/2023,C
,ZCP2,"37,445118N 7,919125W",Mentha suaveolens,6,27,38,29/8/2023,C
,ZCP2,"37,445118N 7,919125W",Daucus carota,2,27,38,29/8/2023,C
,ZCP2,"37,445118N 7,919125W",Foeniculum vulgare,1,27,38,29/8/2023,C
,ZCP2,"37,445118N 7,919125W",Trifolium angustifolium,1,27,38,29/8/2023,C
,ZCP2,"37,445118N 7,919125W",N.I.D,90,27,38,29/8/2023,C
,ZCP3,"37,445451N 7,918832W",Olea europaea,70,27,40,29/8/2023,C
,ZCP3,"37,445451N 7,918832W",Foeniculum vulgare,5,27,40,29/8/2023,C
,ZCP3,"37,445451N 7,918832W",N.I.D,25,27,40,29/8/2023,C
,ZCP4,"37,445367N 7,917996W",Quercus suber,95,27,35,29/8/2023,C
,ZCP4,"37,445367N 7,917996W",Foeniculum vulgare,5,27,35,29/8/2023,C
,ZCP5,"37,445388N 7,918271W",Daucus carota,1,27,40,29/8/2023,C
,ZCP5,"37,445388N 7,918271W",N.I.D,99,27,40,29/8/2023,C
,ZDP1,"37,444578N 7,919119W",Asparagus horridus ,1,24,54,1/9/2023,D
,ZDP1,"37,444578N 7,919119W",Daphne gnidium,40,24,54,1/9/2023,D
,ZDP1,"37,444578N 7,919119W",N.I.D,39,24,54,1/9/2023,D
,ZDP1,"37,444578N 7,919119W",Olea europaea,20,24,54,1/9/2023,D
,ZDP2,"37,444701N 7,918902W",Cistus ladanifer ,100,25,54,1/9/2023,D
,ZDP3,"37,444782N 7,918801W",Daphne gnidium,20,27,47,1/9/2023,D
,ZDP3,"37,444782N 7,918801W",Carthamus lanatus ,15,27,47,1/9/2023,D
,ZDP3,"37,444782N 7,918801W",Lavandula viridis ,60,27,47,1/9/2023,D
,ZDP3,"37,444782N 7,918801W",N.I.D,15,27,47,1/9/2023,D
,ZDP4,"37,444837N 7,918670W",Daucus carota,5,27,47,1/9/2023,D
,ZDP4,"37,444837N 7,918670W",Lavandula viridis ,1,27,47,1/9/2023,D
,ZDP4,"37,444837N 7,918670W",Avena Fatua,2,27,47,1/9/2023,D
,ZDP4,"37,444837N 7,918670W",Briza maxima,10,27,47,1/9/2023,D
,ZDP4,"37,444837N 7,918670W",Carlina corymbosal,3,27,47,1/9/2023,D
,ZDP4,"37,444837N 7,918670W",N.I.D,79,27,47,1/9/2023,D
,ZDP5,"37,444969N 7,918493W",Daucus carota,1,27,50,1/9/2023,D
,ZDP5,"37,444969N 7,918493W",Heliotropium europaeum,89,27,50,1/9/2023,D
,ZDP5,"37,444969N 7,918493W",Sohamun nigrum,10,27,50,1/9/2023,D
,ZEP1,"37,444510N 7,918993W ",Pinus halepensis ,99,28,39,30/8/2023,E
,ZEP1,"37,444510N 7,918993W ",Cistus ladanifer ,1,28,39,30/8/2023,E
,ZEP2,"37,444671N 7,918805W",Carlina corymbosal,10,29,37,30/8/2023,E
,ZEP2,"37,444671N 7,918805W",Daucus carota,3,29,37,30/8/2023,E
,ZEP2,"37,444671N 7,918805W",N.I.D,87,29,37,30/8/2023,E
,ZEP3,"37,444787N 7,918375W",Cistus ladanifer ,50,30,35,30/8/2023,E
,ZEP3,"37,444787N 7,918375W",Pinus halepensis,30,30,35,30/8/2023,E
,ZEP3,"37,444787N 7,918375W",N.I.D,20,30,35,30/8/2023,E
,ZFP1,"37,443859N 7,919506W",Pinus halepensis ,90,28,39,30/8/2023,F
,ZFP1,"37,443859N 7,919506W",Quercus coccifera,2,28,39,30/8/2023,F
,ZFP1,"37,443859N 7,919506W",Olea europaea,1,28,39,30/8/2023,F
,ZFP1,"37,443859N 7,919506W",N.I.D,7,28,39,30/8/2023,F
,ZFP2,"37,443738N 7,919443W",Pinus halepensis ,80,28,39,30/8/2023,F
,ZFP2,"37,443738N 7,919443W",Olea europaea,2,28,39,30/8/2023,F
,ZFP2,"37,443738N 7,919443W",N.I.D,18,28,39,30/8/2023,F
,ZGP1,"37,443827N 7,919671W",Cupressus semperviruns,4,28,44,30/8/2023,G
,ZGP1,"37,443827N 7,919671W",Vitus vinifera,15,28,44,30/8/2023,G
,ZGP1,"37,443827N 7,919671W",Conyea bonariensis,1,28,44,30/8/2023,G
,ZGP1,"37,443827N 7,919671W",N.I.D,80,28,44,30/8/2023,G
,ZGP2,"37,443750N 7,919677W",Prunus armeniaca,4,28,44,30/8/2023,G
,ZGP2,"37,443750N 7,919677W",N.I.D,96,28,44,30/8/2023,G
,ZGP3,"37,443513N 7,919595W",Conyea bonariensis,10,28,44,30/8/2023,G
,ZGP3,"37,443513N 7,919595W",Prunus dulcis,5,28,44,30/8/2023,G
,ZGP3,"37,443513N 7,919595W",Lactua sativa var. crispa.,20,28,44,30/8/2023,G
,ZGP3,"37,443513N 7,919595W",Conysa canadensis,5,28,44,30/8/2023,G
,ZGP3,"37,443513N 7,919595W",Oxanis corniculata,50,28,44,30/8/2023,G
,ZGP3,"37,443513N 7,919595W",Malvella sherardiana ,2,28,44,30/8/2023,G
,ZGP3,"37,443513N 7,919595W",N.I.D,8,28,44,30/8/2023,G
,ZHP1,"37,444616N 7,917854W",Quercus suber,90,27,50,1/9/2023,H
,ZHP1,"37,444616N 7,917854W",Daphne gnidium,5,27,50,1/9/2023,H
,ZHP1,"37,444616N 7,917854W",Asparagus horridus ,0,27,50,1/9/2023,H
,ZHP1,"37,444616N 7,917854W",N.I.D,5,27,50,1/9/2023,H
,ZHP2,"37,444810N 7,917687W",Eryngium campestre,5,29,46,1/9/2023,H
,ZHP2,"37,444810N 7,917687W",N.I.D,95,29,46,1/9/2023,H
,ZHP3,"37,444953N 7,917749W",Quercus suber,95,29,46,1/9/2023,H
,ZHP3,"37,444953N 7,917749W",Cistus ladanifer ,5,29,46,1/9/2023,H
,ZHP4,"37,444878N 7,917408W",Daucus carota,2,29,46,1/9/2023,H
,ZHP4,"37,444878N 7,917408W",Asparagus horridus ,10,29,46,1/9/2023,H
,ZHP4,"37,444878N 7,917408W",N.I.D,88,29,46,1/9/2023,H
,ZHP5,"37,444380N 7,917513W",Quercus suber,90,29,46,1/9/2023,H
,ZHP5,"37,444380N 7,917513W",Cistus ladanifer ,10,29,46,1/9/2023,H
,ZIP1,"37,443283N 7,918788W",Avena fatua,1,20,63,1/9/2023,I
,ZIP1,"37,443283N 7,918788W",Daucus carota,3,20,60,4/9/2023,I
,ZIP1,"37,443283N 7,918788W",Symphyotrichum subulatum ,5,20,60,4/9/2023,I
,ZIP1,"37,443283N 7,918788W",Torilis arvenis ,20,20,60,4/9/2023,I
,ZIP1,"37,443283N 7,918788W",Juncus effusus ,30,20,60,4/9/2023,I
,ZIP1,"37,443283N 7,918788W",N.I.D,41,20,60,4/9/2023,I
,ZIP2,"37,443573N 7,918519W",Pinus halepensis ,100,20,60,4/9/2023,I
,ZIP2,"37,443573N 7,918519W",Olea europaea,0,20,60,4/9/2023,I
,ZIP3,"37,443765N 7,918569W",Asparagus horridus ,2,20,60,4/9/2023,I
,ZIP3,"37,443765N 7,918569W",Prunus persica ,70,20,60,4/9/2023,I
,ZIP3,"37,443765N 7,918569W",N.I.D,28,20,60,4/9/2023,I
,ZIP4,"37,443977N 7,918446W",Eryngium campestre,10,20,60,4/9/2023,I
,ZIP4,"37,443977N 7,918446W",Foeniculum vulgare,20,20,60,4/9/2023,I
,ZIP4,"37,443977N 7,918446W",N.I.D,70,20,60,4/9/2023,I
,ZIP5,"37,444175N 7,918630W",Avena fatua,10,20,60,4/9/2023,I
,ZIP5,"37,444175N 7,918630W",Heliotropium europaeum,10,20,60,4/9/2023,I
,ZIP5,"37,444175N 7,918630W",N.I.D,80,20,60,4/9/2023,I
,ZIP6,"37,444298N 7,918608W",Foeniculum vulgare,3,20,62,4/9/2023,I
,ZIP6,"37,444298N 7,918608W",Heliotropium europaeum,5,20,62,4/9/2023,I
,ZIP6,"37,444298N 7,918608W",Agave americana ,50,20,62,4/9/2023,I
,ZIP6,"37,444298N 7,918608W",N.I.D,42,20,62,4/9/2023,I
,ZIP7,"37,444314N 7,918422W",Avena fatua ,1,20,62,4/9/2023,I
,ZIP7,"37,444314N 7,918422W",Euphorbia prostrata Aiton,5,20,62,4/9/2023,I
,ZIP7,"37,444314N 7,918422W",Rumex pulcher,10,20,62,4/9/2023,I
,ZIP7,"37,444314N 7,918422W",Heliotropium europaeum,25,20,62,4/9/2023,I
,ZIP7,"37,444314N 7,918422W",N.I.D,59,20,62,4/9/2023,I
,ZIP8,"37,443827N 7,918201W",Avena fatua,2,20,61,4/9/2023,I
,ZIP8,"37,443827N 7,918201W",Carlina corymbosa ,15,20,61,4/9/2023,I
,ZIP8,"37,443827N 7,918201W",N.I.D,83,20,61,4/9/2023,I
,ZIP9,"37,443382N 7,918304W",Symphyotrichum subulatum ,23,20,61,4/9/2023,I
,ZIP9,"37,443382N 7,918304W",Erigeron sumatrensis,27,20,61,4/9/2023,I
,ZIP9,"37,443382N 7,918304W",Nepeta nepetella ,50,20,61,4/9/2023,I
,ZIP10,"37,443401N 7,918192W",Chrozophora tinctoria ,70,20,61,4/9/2023,I
,ZIP10,"37,443401N 7,918192W",N.I.D,30,20,61,4/9/2023,I
,ZJP1,"37,443335N 7,918554W",Arundo donax,100,20,63,4/9/2023,J
,ZJP2,"37,443353N 7,918454W",Olea europaea,1,20,63,4/9/2023,J
,ZJP2,"37,443353N 7,918454W",Myrtus communis ,2,20,63,4/9/2023,J
,ZJP2,"37,443353N 7,918454W",Juncus effusus ,5,20,63,4/9/2023,J
,ZJP2,"37,443353N 7,918454W",Agave americana ,10,20,63,4/9/2023,J
,ZJP2,"37,443353N 7,918454W",N.I.D,82,20,63,4/9/2023,J
,ZJP3,"37,443350N 7,918684W",Torilis arvenis ,10,20,63,4/9/2023,J
,ZJP3,"37,443350N 7,918684W",Juncus effusus ,60,20,63,4/9/2023,J
,ZJP3,"37,443350N 7,918684W",N.I.D,30,20,63,4/9/2023,J
,ZKP1,"37,443043N 7,919075W",Pinus halepensis,75,30,33,30/8/2023,k
,ZKP1,"37,443043N 7,919075W",Cistus ladanifer,5,30,33,30/8/2023,k
,ZKP1,"37,443043N 7,919075W",N.I.D,20,30,33,30/8/2023,k
,ZKP2,"37,443114N 7,918707W",Quercus suber,60,30,33,30/8/2023,k
,ZKP2,"37,443114N 7,918707W",Cistus ladanifer,25,30,33,30/8/2023,k
,ZKP2,"37,443114N 7,918707W",N.I.D,15,30,33,30/8/2023,k
,ZKP3,"37,442600N 7,918780W",Pinus halepensis,80,30,33,30/8/2023,k
,ZKP3,"37,442600N 7,918780W",N.I.D,20,30,33,30/8/2023,k
,ZLP1,"37,442568N 7,918379W",Avena Fatua,20,31,31,8/30/2023,L
,ZLP1,"37,442568N 7,918379W",Briza maxima,20,31,31,8/30/2023,L
,ZLP1,"37,442568N 7,918379W",N.I.D,60,31,31,8/30/2023,L
,ZLP2,"37,442872N 7,918287W",Daucus carota,20,31,31,8/30/2023,L
,ZLP2,"37,442872N 7,918287W",N.I.D,80,31,31,8/30/2023,L
,ZMP1,"37,444522N 7,917031W",Olea europaea,70,30,42,1/9/2023,M
,ZMP1,"37,444522N 7,917031W",N.I.D,30,30,42,1/9/2023,M
,ZMP2,"37,444273N 7,916975W",Quercus suber,99,30,44,1/9/2023,M
,ZMP2,"37,444273N 7,916975W",Cistus ladanifer,1,30,44,1/9/2023,M
,ZMP3,"37,444380N 7,916736W",N.I.D,100,30,42,1/9/2023,M
,ZMP4,"37,444294N 7,916243W",Avena Fatua,2,30,38,1/9/2023,M
,ZMP4,"37,444294N 7,916243W",Quercus suber,1,30,38,1/9/2023,M
,ZMP4,"37,444294N 7,916243W",Briza maxima,3,30,38,1/9/2023,M
,ZMP4,"37,444294N 7,916243W",N.I.D,99,30,38,1/9/2023,M
,ZMP5,"37,443886N 7,915968W",Quercus ilex,80,30,39,1/9/2023,M
,ZMP5,"37,443886N 7,915968W",Cistus ladanifer,20,30,39,1/9/2023,M
,ZNP1,"37,444184N 7,917170W",Quercus suber,90,30,43,9/1/2023,N
,ZNP1,"37,444184N 7,917170W",Cistus ladanifer,10,30,43,9/1/2023,N
,ZNP2,"37,444125N 7,917133W",Cistus ladanifer,30,30,44,9/1/2023,N
,ZNP2 ,"37,444125N 7,917133W",N.I.D,70,30,44,9/1/2023,N
,ZNP3,"37,444052N 7,917413W",Olea europaea,100,30,34,9/1/2023,N
,ZNP3,"37,444052N 7,917413W",Asparagus horridus,0,30,34,9/1/2023,N
,ZOP1,"37,444187N 7,917680W",N.I.D,100,30,37,9/1/2023,O
,ZOP2,"37,444103N 7,917715W",Daphne gnidium,80,30,34,9/1/2023,O
,ZOP2,"37,444103N 7,917715W",N.I.D,20,30,34,9/1/2023,O
,ZOP3,"37,444180N 7,917869W",Cistus ladanifer,40,30,36,9/1/2023,O
,ZOP3,"37,444180N 7,917869W",Olea europaea,20,30,36,9/1/2023,O
,ZOP3,"37,444180N 7,917869W",N.I.D,40,30,36,9/1/2023,O
,ZOP4,"37,444179N 7,917789W",Avena fatua ,2,30,40,9/1/2023,O
,ZOP4,"37,444179N 7,917789W",Carlina corymbosa ,1,30,40,9/1/2023,O
,ZOP4,"37,444179N 7,917789W",N.I.D,97,30,40,9/1/2023,O
,ZOP5,"37,444218N 7,917958W",Foeniculum vulgare ,20,30,32,9/1/2023,O
,ZOP5,"37,444218N 7,917958W",Olea europaea,20,30,32,9/1/2023,O
,ZOP5,"37,444218N 7,917958W",N.I.D,60,30,32,9/1/2023,O
,ZPP1,"37,443917N 7,917856W",Cistus ladanifer,80,22,48,9/4/2023,P
,ZPP1,"37,443917N 7,917856W",Asparagus horridus,19,22,48,9/4/2023,P
,ZPP1,"37,443917N 7,917856W",N.I.D,1,22,48,9/4/2023,P
,ZPP2,"37,443994N 7,917867W",Quercus suber,80,22,47,9/4/2023,P
,ZPP2,"37,443994N 7,917867W",Cistus monspeliensis,5,22,47,9/4/2023,P
,ZPP2,"37,443994N 7,917867W",Cistus ladanifer,15,22,47,9/4/2023,P
,ZPP3,"37,443881N 7,917747W",Crataegus douglasii,40,22,50,9/4/2023,P
,ZPP3,"37,443881N 7,917747W",N.I.D,60,22,50,9/4/2023,P
,ZQP1,"37,443474N 7,917981W",Cistus ladanifer,5,21,64,4/9/2023,Q
,ZQP1,"37,443474N 7,917981W",Cistus monspeliensis,15,21,64,4/9/2023,Q
,ZQP1,"37,443474N 7,917981W",N.I.D,80,21,64,4/9/2023,Q
,ZQP2 ,"37,443521N 7,918012W",Asparagus horridus,1,21,64,4/9/2023,Q
,ZQP2 ,"37,443521N 7,918012W",Quercus suber,5,21,64,4/9/2023,Q
,ZQP2 ,"37,443521N 7,918012W",Quercus coccifera,7,21,64,4/9/2023,Q
,ZQP2 ,"37,443521N 7,918012W",Cistus monspeliensis,10,21,64,4/9/2023,Q
,ZQP2 ,"37,443521N 7,918012W",N.I.D,77,21,64,4/9/2023,Q
,ZQP3,"37,443609N 7,918021W",Cistus monspeliensis,100,21,64,4/9/2023,Q
,ZRP1,"37,443138N 7,918228W",Asparagus horridus,10,31,31,8/30/2023,R
,ZRP1,"37,443138N 7,918228W",N.I.D,90,31,31,8/30/2023,R
,ZRP2,"37,4434237N 7,918364W",Quercus suber,70,31,31,8/30/2023,R
,ZRP2,"37,4434237N 7,918364W",Cistus ladanifer ,30,31,31,8/30/2023,R
,ZRP3,"37,443275N 7,918239W",Avena fatua ,20,31,31,8/30/2023,R
,ZRP3,"37,443275N 7,918239W",Scolymus hispanicus ,12,31,31,8/30/2023,R
,ZRP3,"37,443275N 7,918239W",Rumex pulcher,4,31,31,8/30/2023,R
,ZRP3,"37,443275N 7,918239W",Briza maxima,2,31,31,8/30/2023,R
,ZRP3,"37,443275N 7,918239W",N.I.D,62,31,31,8/30/2023,R
,ZRP4,"37,443255N 7,918279W",Lavendula stoechas ,10,31,31,8/30/2023,R
,ZRP4,"37,443255N 7,918279W",Quercus suber,5,31,31,8/30/2023,R
,ZRP4,"37,443255N 7,918279W",Asparagus horridus,5,31,31,8/30/2023,R
,ZRP4,"37,443255N 7,918279W",Onopordum illyricum ,2,31,31,8/30/2023,R
,ZRP4,"37,443255N 7,918279W",N.I.D,78,31,31,8/30/2023,R
,ZRP5,"37,443210N 7,918219W",Foeniculum vulgare ,10,31,31,8/30/2023,R
,ZRP5,"37,443210N 7,918219W",Artemisia californialess.,10,31,31,8/30/2023,R
,ZRP5,"37,443210N 7,918219W",Dactylis glomerata ,1,31,31,8/30/2023,R
,ZRP5,"37,443210N 7,918219W",N.I.D,79,31,31,8/30/2023,R
,ZSP1,"37,444002N 7,916555W",Ulex parviflorus,2,23,47,9/1/2023,S
,ZSP1,"37,444002N 7,916555W",Cistus ladanifer,10,23,47,9/1/2023,S
,ZSP1,"37,444002N 7,916555W",N.I.D,88,23,47,9/1/2023,S
,ZSP2,"37,444085N 7,916369W",Quercus canariensis,2,23,47,9/1/2023,S
,ZSP2,"37,444085N 7,916369W",Quercus suber,1,23,47,9/1/2023,S
,ZSP2,"37,444085N 7,916369W",Cistus ladanifer,50,23,47,9/1/2023,S
,ZSP2,"37,444085N 7,916369W",Genista anglica,5,23,47,9/1/2023,S
,ZSP2,"37,444085N 7,916369W",Ulex parviflorus,1,23,47,9/1/2023,S
,ZSP2,"37,444085N 7,916369W",N.I.D,22,23,47,9/1/2023,S
,ZSP3,"37,443979N 7,916312W",Cistus ladanifer,12,23,47,9/1/2023,S
,ZSP3,"37,443979N 7,916312W",N.I.D,88,23,47,9/1/2023,S
,ZSP4,"37,444194N 7,916578W",Quercus canariensis,5,23,47,9/1/2023,S
,ZSP4,"37,444194N 7,916578W",Quercus suber,70,23,47,9/1/2023,S
,ZSP4,"37,444194N 7,916578W",Baccharis pilularis ,3,23,47,9/1/2023,S
,ZSP4,"37,444194N 7,916578W",N.I.D,22,23,47,9/1/2023,S
,ZSP5,"37,444143N 7,916756W",Cistus ladanifer,15,23,47,9/1/2023,S
,ZSP5,"37,444143N 7,916756W",N.I.D,85,23,47,9/1/2023,S
,ZTP1,"37,443606N 7,916228W",Briza maxima,1,30,40,9/1/2023,T
,ZTP1,"37,443606N 7,916228W",Trifolium angustifolium,4,30,40,9/1/2023,T
,ZTP1,"37,443606N 7,916228W",N.I.D,95,30,40,9/1/2023,T
,ZTP2,"37,443623N 7,916448W",Trifolium angustifolium,3,30,40,9/1/2023,T
,ZTP2,"37,443623N 7,916448W",Erigeron acer,2,30,40,9/1/2023,T
,ZTP2,"37,443623N 7,916448W",Avena fatua,5,30,40,9/1/2023,T
,ZTP2,"37,443623N 7,916448W",N.I.D,90,30,40,9/1/2023,T
,ZTP3,"37,443830N 7,916931W",Quercus infectoria,60,30,40,9/1/2023,T
,ZTP3,"37,443830N 7,916931W",Trifolium angustifolium,1,30,40,9/1/2023,T
,ZTP3,"37,443830N 7,916931W",N.I.D,39,30,40,9/1/2023,T
,ZTP4,"37,443920N 7,916639W",Olea europea,40,30,40,9/1/2023,T
,ZTP4,"37,443920N 7,916639W",Cistus ladanifer,3,30,40,9/1/2023,T
,ZTP4,"37,443920N 7,916639W",Quercus coccifera,40,30,40,9/1/2023,T
,ZTP4,"37,443920N 7,916639W",N.I.D,17,30,40,9/1/2023,T
,ZTP5,"37,443910N 7,917134W",Cistus ladanifer,10,30,40,9/1/2023,T
,ZTP5,"37,443910N 7,917134W",Quercus faginea,12,30,40,9/1/2023,T
,ZTP5,"37,443910N 7,917134W",Lavendula stoechas ,20,30,40,9/1/2023,T
,ZTP5,"37,443910N 7,917134W",Cistus monspeliensis,5,30,40,9/1/2023,T
,ZTP5,"37,443910N 7,917134W",N.I.D,53,30,40,9/1/2023,T
,ZTP6,"37,443866N 7,917450W",Quercus suber,80,30,40,9/1/2023,T
,ZTP6,"37,443866N 7,917450W",N.I.D,20,30,40,9/1/2023,T
,ZTP7,"37,443680N 7,917606W",Avena fatua,2,30,40,9/1/2023,T
,ZTP7,"37,443680N 7,917606W",Quercus suber,45,30,40,9/1/2023,T
,ZTP7,"37,443680N 7,917606W",N.I.D,53,30,40,9/1/2023,T
,ZUP1,"37,443680N 7,917403W",Brimia maritimia ,2,27,40,9/1/2023,U
,ZUP1,"37,443680N 7,917403W",Cistus ladanifer,15,27,40,9/1/2023,U
,ZUP1,"37,443680N 7,917403W",Quercus faginea,10,27,40,9/1/2023,U
,ZUP1,"37,443680N 7,917403W",Briza maxima,1,27,40,9/1/2023,U
,ZUP1,"37,443680N 7,917403W",Arctium minus,1,27,40,9/1/2023,U
,ZUP1,"37,443680N 7,917403W",N.I.D,71,27,40,9/1/2023,U
,ZUP2,"37,443608N 7,917023W",Briza maxima,4,27,40,9/1/2023,U
,ZUP2,"37,443608N 7,917023W",Quercus faginea,4,27,40,9/1/2023,U
,ZUP2,"37,443608N 7,917023W",Avena fatua,2,27,40,9/1/2023,U
,ZUP2,"37,443608N 7,917023W",N.I.D,90,27,40,9/1/2023,U
,ZUP3,"37,443390N 7,916655W",Trifolium angustifolium,1,27,42,9/1/2023,U
,ZUP3,"37,443390N 7,916655W",Cistus ladanifer,10,27,42,9/1/2023,U
,ZUP3,"37,443390N 7,916655W",Cistus monspeliensis,2,27,42,9/1/2023,U
,ZUP3,"37,443390N 7,916655W",N.I.D,87,27,42,9/1/2023,U
,ZUP4,"37,443181N 7,916579W",Briza maxima,2,27,42,9/1/2023,U
,ZUP4,"37,443181N 7,916579W",Cistus ladanifer,12,27,42,9/1/2023,U
,ZUP4,"37,443181N 7,916579W",Cistus monspeliensis,43,27,42,9/1/2023,U
,ZUP4,"37,443181N 7,916579W",N.I.D,43,27,42,9/1/2023,U
,ZUP5,"37,442978N 7,916509W",Cistus monspeliensis,25,27,42,9/1/2023,U
,ZUP5,"37,442978N 7,916509W",Quercus faginea,12,27,42,9/1/2023,U
,ZUP5,"37,442978N 7,916509W",N.I.D,63,27,42,9/1/2023,U
,ZVP1,"37,443059N 7,917051W",Cistus monspeliensis,10,28,44,9/1/2023,V
,ZVP1,"37,443059N 7,917051W",Quercus faginea,15,28,44,9/1/2023,V
,ZVP1,"37,443059N 7,917051W",N.I.D,75,28,44,9/1/2023,V
,ZVP2,"37,443234N 7,917349W",Cistus ladanifer ,20,28,44,9/1/2023,V
,ZVP2,"37,443234N 7,917349W",Quercus suber,35,28,44,9/1/2023,V
,ZVP2,"37,443234N 7,917349W",Lavendula stoechas,5,28,44,9/1/2023,V
,ZVP2,"37,443234N 7,917349W",N.I.D,40,28,44,9/1/2023,V
,ZVP3,"37,443366N 7,917382W",Avena fatua,1,28,44,9/1/2023,V
,ZVP3,"37,443366N 7,917382W",N.I.D,99,28,44,9/1/2023,V
,ZVP4,"37,443279N 7,917129W",Cistus ladanifer ,5,28,41,9/1/2023,V
,ZVP4,"37,443279N 7,917129W",Cistus monspeliensis,20,28,41,9/1/2023,V
,ZVP4,"37,443279N 7,917129W",Quercus suber,20,28,41,9/1/2023,V
,ZVP4,"37,443279N 7,917129W",N.I.D,55,28,41,9/1/2023,V
,ZVP5,"37,443321N 7,917014W",Cistus ladanifer ,5,28,41,9/1/2023,V
,ZVP5,"37,443321N 7,917014W",Cistus monspeliensis,5,28,41,9/1/2023,V
,ZPV5,"37,443321N 7,917014W",N.I.D,90,28,41,9/1/2023,V
,ZWP1,"37,442972N 7,915701W",Quercus suber,55,20,60,9/4/2023,W
,ZWP1,"37,442972N 7,915701W",N.I.D,45,20,60,9/4/2023,W
,ZWP2,"37,442823N 7,915643W",Briza maxima,15,20,60,9/4/2023,W
,ZWP2,"37,442823N 7,915643W",Trisetum flavecens,2,20,60,9/4/2023,W
,ZWP2,"37,442823N 7,915643W",N.I.D,83,20,60,9/4/2023,W
,ZWP3,"37,442679N 7,916522W",Quercus suber,10,20,60,9/4/2023,W
,ZWP3,"37,442679N 7,916522W",Briza maxima,2,20,60,9/4/2023,W
,ZWP3,"37,442679N 7,916522W",Daucus carota,2,20,60,9/4/2023,W
,ZWP3,"37,442679N 7,916522W",Trisetum flavecens,2,20,60,9/4/2023,W
,ZWP3,"37,442679N 7,916522W",N.I.D,84,20,60,9/4/2023,W
,ZWP4,"37,442450N 7,916280W",Briza maxima,2,20,59,9/4/2023,W
,ZWP4,"37,442450N 7,916280W",Trisetum flavecens,3,20,59,9/4/2023,W
,ZWP4,"37,442450N 7,916280W",N.I.D,95,20,59,9/4/2023,W
,ZWP5,"37,442237N 7,916675W",Trisetum flavecens,2,20,59,9/4/2023,W
,ZWP5,"37,442237N 7,916675W",N.I.D,98,20,59,9/4/2023,W
,ZWP6,"37,442893N 7,916852W",Ridolfia segetum ,2,20,59,9/4/2023,W
,ZWP6,"37,442893N 7,916852W",Quercus ilex,20,20,59,9/4/2023,W
,ZWP6,"37,442893N 7,916852W",Quercus suber,15,20,59,9/4/2023,W
,ZWP6,"37,442893N 7,916852W",Cistus monspeliensis,10,20,59,9/4/2023,W
,ZWP6,"37,442893N 7,916852W",Briza maxima,1,20,59,9/4/2023,W
,ZWP6,"37,442893N 7,916852W",N.I.D,52,20,59,9/4/2023,W
,ZXP1,"37,443216N 7,916219W",Eucalyptus globulus,85,22,47,9/4/2023,X
,ZXP1,"37,443216N 7,916219W",Cistus monspeliensis,1,22,47,9/4/2023,X
,ZXP1,"37,443216N 7,916219W",Quercus faginea,1,22,47,9/4/2023,X
,ZXP1,"37,443216N 7,916219W",N.I.D,18,22,47,9/4/2023,X
,ZXP2,"37,443323N 7,916268W",Selaginella kraussiana,10,22,47,9/4/2023,X
,ZXP2,"37,443323N 7,916268W",Eucalyptus globulus,55,22,47,9/4/2023,X
,ZXP2,"37,443323N 7,916268W",Cistus monspeliensis,3,22,47,9/4/2023,X
,ZXP2,"37,443323N 7,916268W",Quercus faginea,1,22,47,9/4/2023,X
,ZXP2,"37,443323N 7,916268W",N.I.D,31,22,47,9/4/2023,X
,ZXP3,"37,443117N 7,916119W",Laurus nobilis ,100,22,47,9/4/2023,X
,ZXP4,"37,443185N 7,916274W",Asparagus horridus,1,22,47,9/4/2023,X
,ZXP4,"37,443185N 7,916274W",Quercus faginea,10,22,47,9/4/2023,X
,ZXP4,"37,443185N 7,916274W",Cistus monspeliensis,50,22,47,9/4/2023,X
,ZXP4 ,"37,443185N 7,916274W",N.I.D,39,22,47,9/4/2023,X
,ZXP5,"37,443251N 7,916056W",Quercus coccifera,5,22,47,9/4/2023,X
,ZXP5,"37,443251N 7,916056W",Asparagus horridus,1,22,47,9/4/2023,X
,ZXP5,"37,443251N 7,916056W",Cistus monspeliensis,30,22,47,9/4/2023,X
,ZXP5,"37,443251N 7,916056W",Eucalyptus globulus,50,22,47,9/4/2023,X
,ZXP5,"37,443251N 7,916056W",Olea europaea,5,22,47,9/4/2023,X
,ZXP5,"37,443251N 7,916056W",N.I.D,9,22,47,9/4/2023,X
,ZYP1,"37,442854N 7,916025W",Daucus Carota,10,21,44,9/4/2023,Y
,ZYP1,"37,442854N 7,916025W",N.I.D,90,21,44,9/4/2023,Y
,ZYP2,"37,442670N 7,916089W",Avena fatua,4,21,44,9/4/2023,Y
,ZYP2,"37,442670N 7,916089W",N.I.D,96,21,44,9/4/2023,Y
,ZYP3,"37,442915N 7,916211W",cistus monspeliensis,3,22,46,9/4/2023,Y
,ZYP3,"37,442915N 7,916211W",Avena fatua,2,22,46,9/4/2023,Y
,ZYP3,"37,442915N 7,916211W",Briza maxima,5,22,46,9/4/2023,Y
,ZYP3,"37,442915N 7,916211W",N.I.D,90,22,46,9/4/2023,Y
,ZZP1,"37,442894N 7,915806W",Quercus coccifera,15,22,48,9/4/2023,Z
,ZZP1,"37,442894N 7,915806W",Quercus suber,20,22,48,9/4/2023,Z
,ZZP1,"37,442894N 7,915806W",N.I.D,65,22,48,9/4/2023,Z
,ZZP2,"37,442823N 7,915656W",Avena fatua,1,22,48,9/4/2023,Z
,ZZP2,"37,442823N 7,915656W",Quercus suber,10,22,48,9/4/2023,Z
,ZZP2,"37,442823N 7,915656W",N.I.D,89,22,48,9/4/2023,Z
,ZZP3,"37,442904N 7,915687W",Avena fatua,5,22,46,9/4/2023,Z
,ZZP3,"37,442904N 7,915687W",Quercus suber,2,22,46,9/4/2023,Z
,ZZP3,"37,442904N 7,915687W",N.I.D,93,22,46,9/4/2023,Z
,ZZP4,"37,442965N 7,915772W",Quercus coccifera,25,22,46,9/4/2023,Z
,ZZP4,"37,442965N 7,915772W",Quercus suber,25,22,46,9/4/2023,Z
,ZZP4,"37,442965N 7,915772W",Olea europaea,20,22,46,9/4/2023,Z
,ZZP4,"37,442965N 7,915772W",N.I.D,30,22,46,9/4/2023,Z
,ZZP5,"37,443018N 7,915891W",Quercus suber,3,22,44,9/4/2023,Z
,ZZP5,"37,443018N 7,915891W",Briza maxima,3,22,44,9/4/2023,Z
,ZZP5,"37,443018N 7,915891W",Daucus Carota,2,22,44,9/4/2023,Z
,ZZP5,"37,443018N 7,915891W",N.I.D,92,22,44,9/4/2023,Z
